"Area","Country","PersonID","Gender","DOB","Surname","GivenName","School","GP"
"Abbey","England","0","Male","1977-11-05 00:00:00","Holloway","Aaron","Abbey School","Abbey GP"
"Abbey","England","1","Female","1972-11-09 00:00:00","Turnbull","Eve","Abbey School","Abbey GP"
"Abbey","England","2","Female","1987-03-11 00:00:00","Mills","Evie","Abbey School","Abbey GP"
"Bagley","England","3","Female","1982-02-09 00:00:00","Donnelly","Francesca","Bagley School","Bagely GP"
"Bagley","England","4","Female","1998-10-08 00:00:00","Glover","Tilly","Bagley School","Bagely GP"
"Bagley","England","5","Male","1963-11-12 00:00:00","Price","Anthony","Bagley School","Bagely GP"
"Battlefield","England","6","Female","2003-12-19 00:00:00","Bond","Charlie","Battlefield School","Battlefield GP"
"Battlefield","England","7","Female","1981-06-16 00:00:00","Barber","Ella","Battlefield School","Battlefield GP"
"Battlefield","England","8","Female","2017-04-26 00:00:00","Webster","Grace","Battlefield School","Battlefield GP"
"Belle Vue","England","9","Male","1978-11-08 00:00:00","Curtis","David","Belle Vue School","Belle Vue GP"
"Belle Vue","England","10","Male","1948-11-27 00:00:00","Johnston","Andrew","Belle Vue School","Belle Vue GP"
"Belle Vue","England","11","Female","2009-02-26 00:00:00","Fraser","Abby","Belle Vue School","Belle Vue GP"
"Bowbrook","England","12","Male","1936-09-22 00:00:00","Bond","Thomas","Bowbrook School","Bowbrook GP"
"Bowbrook","England","13","Male","1992-06-12 00:00:00","Barton","Joshua","Bowbrook School","Bowbrook GP"
"Bowbrook","England","14","Male","1958-02-18 00:00:00","Welch","David","Bowbrook School","Bowbrook GP"
"Castlefields and Ditherington","England","15","Female","1964-09-24 00:00:00","Barber","Natasha","Castlefields School","Castlefields GP"
"Castlefields and Ditherington","England","16","Male","2018-11-01 00:00:00","Rose","Joshua","Castlefields School","Castlefields GP"
"Castlefields and Ditherington","England","17","Male","1961-06-21 00:00:00","Mellor","Christopher","Castlefields School","Castlefields GP"
"Column","England","18","Male","1985-01-03 00:00:00","Leach","Jonathan","Column School","Column GP"
"Column","England","19","Female","2013-09-06 00:00:00","Armstrong","Caitlin","Column School","Column GP"
"Column","England","20","Female","1979-11-06 00:00:00","Iqbal","Bethany","Column School","Column GP"
"Copthorne","England","21","Male","2013-01-28 00:00:00","Ahmed","Tyler","Copthorne School","Copthorne GP"
"Copthorne","England","22","Female","1975-08-07 00:00:00","Palmer","Grace","Copthorne School","Copthorne GP"
"Copthorne","England","23","Female","1971-04-30 00:00:00","Barber","Eleanor","Copthorne School","Copthorne GP"
"Harlescott","England","24","Male","1948-09-23 00:00:00","White","Charles","Harlescott School","Harlescott GP"
"Harlescott","England","25","Male","2006-05-15 00:00:00","Davies","Kian","Harlescott School","Harlescott GP"
"Harlescott","England","26","Female","1967-07-04 00:00:00","Cook","Chloe","Harlescott School","Harlescott GP"
"Meole","England","27","Female","1984-08-20 00:00:00","Yates","Kiera","Meole School","Meole GP"
"Meole","England","28","Male","2008-09-13 00:00:00","Steele","Edward","Meole School","Meole GP"
"Meole","England","29","Female","1939-06-27 00:00:00","Bevan","Francesca","Meole School","Meole GP"
"Monkmoor","England","30","Male","1958-09-27 00:00:00","Vincent","Mohammad","Monkmoor School","Monkmoor GP"
"Monkmoor","England","31","Female","1964-10-30 00:00:00","Ryan","Phoebe","Monkmoor School","Monkmoor GP"
"Monkmoor","England","32","Female","1949-05-03 00:00:00","Parkinson","Zoe","Monkmoor School","Monkmoor GP"
"Porthill","England","33","Female","1972-10-20 00:00:00","Burrows","Madeleine","Porthill School","Porthill GP"
"Porthill","England","34","Female","1997-11-03 00:00:00","Coles","Imogen","Porthill School","Porthill GP"
"Porthill","England","35","Female","2007-04-06 00:00:00","Coleman","Laura","Porthill School","Porthill GP"
"Quarry and Coton Hill","England","36","Male","1967-03-13 00:00:00","Moore","Jude","Quarry School","Quarry GP"
"Quarry and Coton Hill","England","37","Male","1927-01-02 00:00:00","Chapman","Josh","Coton Hill School","Quarry GP"
"Quarry and Coton Hill","England","38","Male","1973-07-05 00:00:00","Holmes","John","Coton Hill School","Quarry GP"
"Radbrook","England","39","Female","1941-10-18 00:00:00","Warner","Ella","Radbrook School","Radbrook GP"
"Radbrook","England","40","Male","1996-12-11 00:00:00","Griffiths","Harvey","Radbrook School","Radbrook GP"
"Radbrook","England","41","Female","2016-12-25 00:00:00","Black","Lily","Radbrook School","Radbrook GP"
"Sundorne","England","42","Female","2008-11-19 00:00:00","Bradley","Poppy","Sundorne School","Sundorne GP"
"Sundorne","England","43","Female","2016-12-09 00:00:00","Austin","Hollie","Sundorne School","Sundorne GP"
"Sundorne","England","44","Male","1987-01-06 00:00:00","Barry","Mohammad","Sundorne School","Sundorne GP"
"Sutton and Reabrook","England","45","Female","2005-11-20 00:00:00","O'Neill","Evie","Reabrook School","Sutton GP"
"Sutton and Reabrook","England","46","Female","1989-07-20 00:00:00","Lee","Shannon","Reabrook School","Sutton GP"
"Sutton and Reabrook","England","47","Male","2006-03-03 00:00:00","Jordan","Jack","Reabrook School","Sutton GP"
"Underdale","England","48","Female","1952-05-29 00:00:00","Lucas","Grace","Underdale School","Underdale GP"
"Underdale","England","49","Male","1987-04-12 00:00:00","Clark","Jude","Underdale School","Underdale GP"
"Underdale","England","50","Female","2008-10-15 00:00:00","King","Eleanor","Underdale School","Underdale GP"
